gene_id,gene_symbol,spacer,opsBarcode,type
ENSMUSG00000020804,Aanat,AGGAGTCGCTGACACTACAC,AGGAGTCG,target
ENSMUSG00000020804,Aanat,CCTTCATCATTGGCTCGCTG,CCTTCATC,target
ENSMUSG00000020804,Aanat,CTCAATCTCAAACGCACTGG,CTCAATCT,target
ENSMUSG00000020804,Aanat,CTGACACTACACAGGCCCGG,CTGACACT,target
ENSMUSG00000040136,Abcc8,ATCACCATCCGTATCCCCCG,ATCACCAT,target
ENSMUSG00000040136,Abcc8,GTAGGAGATGACAGTCAAGG,GTAGGAGA,target
ENSMUSG00000040136,Abcc8,GCAGAGCACGGTGAATACCA,GCAGAGCA,target
ENSMUSG00000040136,Abcc8,CAGACCAACGAGATGCTCCG,CAGACCAA,target
ENSMUSG00000020681,Ace,GTTGTTGAACGAGTACGCAG,GTTGTTGA,target
ENSMUSG00000020681,Ace,TGTACTCGGACCCATAGTGG,TGTACTCG,target
ENSMUSG00000020681,Ace,GGTTCGTGGAAGAGTATGAC,GGTTCGTG,target
ENSMUSG00000020681,Ace,TCAGCTTGAGAAAAGCACGG,TCAGCTTG,target
ENSMUSG00000035283,Adrb1,GTAGCGAAAGGGCGACGTGA,GTAGCGAA,target
ENSMUSG00000035283,Adrb1,TGGCCATCGCCAAGACCCCG,TGGCCATC,target
ENSMUSG00000035283,Adrb1,GAACACCCGCAGGTACACGA,GAACACCC,target
ENSMUSG00000035283,Adrb1,GGTGAGCGTCTGCAGCCGCG,GGTGAGCG,target
ENSMUSG00000045730,Adrb2,TCTAGTCATGGGCCTAGCGG,TCTAGTCA,target
ENSMUSG00000045730,Adrb2,CCAGGACGATAACCGACATG,CCAGGACG,target
ENSMUSG00000045730,Adrb2,GGACTCCGACAGTAGATAAG,GGACTCCG,target
ENSMUSG00000045730,Adrb2,GACAAAGACCATCACCACCA,GACAAAGA,target
ENSMUSG00000031489,Adrb3,GCGAAACTGGTTGCGAACTG,GCGAAACT,target
ENSMUSG00000031489,Adrb3,CAGTGAAGTCACGAACACGT,CAGTGAAG,target
ENSMUSG00000031489,Adrb3,ACACCAGGACAACTGCCGCG,ACACCAGG,target
ENSMUSG00000031489,Adrb3,CACTGGTGTTGGCTGCACTG,CACTGGTG,target
ENSMUSG00000031980,Agt,CTTGTGTCCATCTAGTCGGG,CTTGTGTC,target
ENSMUSG00000031980,Agt,GTTGTGGTAAAGGAGATGGA,GTTGTGGT,target
ENSMUSG00000031980,Agt,GAGGTCGTTCCGGAAGATGA,GAGGTCGT,target
ENSMUSG00000031980,Agt,TCCAAGGTAGAAAGAGACCA,TCCAAGGT,target
ENSMUSG00000019256,Ahr,AGCTGTGCACAAGAGGATCG,AGCTGTGC,target
ENSMUSG00000019256,Ahr,CATCCATACAGAAGACCGGG,CATCCATA,target
ENSMUSG00000019256,Ahr,GGAGGAAGCATAGAAGACCA,GGAGGAAG,target
ENSMUSG00000019256,Ahr,TATCAGAAGCATGCAGAACG,TATCAGAA,target
ENSMUSG00000004056,Akt2,CTACAGGGAAGAGTGGATGC,CTACAGGG,target
ENSMUSG00000004056,Akt2,TGGGTATAAGGAGAGGCCCG,TGGGTATA,target
ENSMUSG00000004056,Akt2,AACCAGAATGACCTTGCCGA,AACCAGAA,target
ENSMUSG00000004056,Akt2,CTGCTACAGAGAAATTGTTC,CTGCTACA,target
ENSMUSG00000075232,Amd1,GTTGGGTCACAGATCTGAAT,GTTGGGTC,target
ENSMUSG00000075232,Amd1,CCCAGGCACCCACCTTGGGA,CCCAGGCA,target
ENSMUSG00000075232,Amd1,AGGTACCTGATTAACAAACA,AGGTACCT,target
ENSMUSG00000075232,Amd1,TCTTCGTACCATCCCAAGGT,TCTTCGTA,target
ENSMUSG00000023013,Aqp2,GAACTCGGCCAGCACCGCTC,GAACTCGG,target
ENSMUSG00000023013,Aqp2,CCTTCGAGCTGCCTTCTACG,CCTTCGAG,target
ENSMUSG00000023013,Aqp2,TACCCCTGTAGAAATCCGCG,TACCCCTG,target
ENSMUSG00000023013,Aqp2,GGCTCTGGGCCATGTCAGCG,GGCTCTGG,target
ENSMUSG00000022602,Arc,AGATGCTGGAACACGTACGG,AGATGCTG,target
ENSMUSG00000022602,Arc,GTAGGCGTGGAGGCCGCCGG,GTAGGCGT,target
ENSMUSG00000022602,Arc,TTGGACGGCTACGTGCCCAC,TTGGACGG,target
ENSMUSG00000022602,Arc,TGGGCCAGCCAAGAAGTGGT,TGGGCCAG,target
ENSMUSG00000029378,Areg,AGAAGGCATTTCGCTTATGG,AGAAGGCA,target
ENSMUSG00000029378,Areg,AACAGCACTGAGCGCGCCAG,AACAGCAC,target
ENSMUSG00000029378,Areg,GAGAACTCCGCTGCTACCGC,GAGAACTC,target
ENSMUSG00000029378,Areg,GAAAGGCGAATCGCTTTCTG,GAAAGGCG,target
ENSMUSG00000026628,Atf3,TACCGTCAACAACAGACCCC,TACCGTCA,target
ENSMUSG00000026628,Atf3,CAGAGGACATCCGATGGCAG,CAGAGGAC,target
ENSMUSG00000026628,Atf3,GCAGAGGTGTTTATTCTGGA,GCAGAGGT,target
ENSMUSG00000026628,Atf3,TGCAGAACGCACCTCAGACT,TGCAGAAC,target
ENSMUSG00000037727,Avp,CTGCCCAAGAGGCGGCAAGA,CTGCCCAA,target
ENSMUSG00000037727,Avp,ATGGCCCTCTTGCCGCCTCT,ATGGCCCT,target
ENSMUSG00000037727,Avp,TCTTCCTTCAGAGAGCTGCG,TCTTCCTT,target
ENSMUSG00000037727,Avp,TGAGGCGGAAAAAACCGTCG,TGAGGCGG,target
ENSMUSG00000031390,Avpr2,GGAACCTTACTTACCAGACG,GGAACCTT,target
ENSMUSG00000031390,Avpr2,CCAGACTGGCATGTATCTCC,CCAGACTG,target
ENSMUSG00000031390,Avpr2,AGATGGCCCTGGCACCAGAC,AGATGGCC,target
ENSMUSG00000031390,Avpr2,CCTGCCAGGTTCTTATCTTC,CCTGCCAG,target
ENSMUSG00000057329,Bcl2,ACCTGACGCCCTTCACCGCG,ACCTGACG,target
ENSMUSG00000057329,Bcl2,CAGGCCCAGCGGTGGCAACG,CAGGCCCA,target
ENSMUSG00000057329,Bcl2,GAGAACAGGGTATGATAACC,GAGAACAG,target
ENSMUSG00000057329,Bcl2,GGAGAACAGGGTATGATAAC,GGAGAACA,target
ENSMUSG00000048482,Bdnf,GAAGTAAACGTCCACGGACA,GAAGTAAA,target
ENSMUSG00000048482,Bdnf,ATGAAAGAAGTAAACGTCCA,ATGAAAGA,target
ENSMUSG00000048482,Bdnf,AGGTCTGACGACGACATCAC,AGGTCTGA,target
ENSMUSG00000048482,Bdnf,GGGCCCAGGGCAGGTTCGAG,GGGCCCAG,target
ENSMUSG00000057367,Birc2,TGTTGGATAACTGGAAACAA,TGTTGGAT,target
ENSMUSG00000057367,Birc2,AAGTGCTGGATTCTATTACG,AAGTGCTG,target
ENSMUSG00000057367,Birc2,GTACTCATGGCATAGCTGCA,GTACTCAT,target
ENSMUSG00000057367,Birc2,TGAGAGAAGAGAAGAGGAGA,TGAGAGAA,target
ENSMUSG00000032000,Birc3,ATGGTGCTCATCGCCGTGGA,ATGGTGCT,target
ENSMUSG00000032000,Birc3,AGGCATGGTGCTCATCGCCG,AGGCATGG,target
ENSMUSG00000032000,Birc3,GTGTTCATTGCAAAGTGGTA,GTGTTCAT,target
ENSMUSG00000032000,Birc3,GATTTGCTCGGAAGTTCACA,GATTTGCT,target
ENSMUSG00000017146,Brca1,GTTATCTCATTCTTACACAA,GTTATCTC,target
ENSMUSG00000017146,Brca1,TGAAGAGCTGCTGAGAATAA,TGAAGAGC,target
ENSMUSG00000017146,Brca1,TTACACAAAGGACATTGTGA,TTACACAA,target
ENSMUSG00000017146,Brca1,AAACTTCTTAACCAGAAGAA,AAACTTCT,target
ENSMUSG00000045532,C1ql1,GCATCTCATAGTGGCCGTCC,GCATCTCA,target
ENSMUSG00000045532,C1ql1,GCTCAGAGCGTCGCCGCCGT,GCTCAGAG,target
ENSMUSG00000045532,C1ql1,CAGCACGGCCACCTATACCA,CAGCACGG,target
ENSMUSG00000045532,C1ql1,CCGGGGCCTCCAGGAGACCG,CCGGGGCC,target
ENSMUSG00000028222,Calb1,CAGCGGCTTCATCGAAACCG,CAGCGGCT,target
ENSMUSG00000028222,Calb1,CGGTTTCGATGAAGCCGCTG,CGGTTTCG,target
ENSMUSG00000028222,Calb1,TGATCAGAGATGACTGCAGG,TGATCAGA,target
ENSMUSG00000028222,Calb1,CTGTCCATATTGATCCACAA,CTGTCCAT,target
ENSMUSG00000003657,Calb2,TGGGAAAATTGAGATGGCGG,TGGGAAAA,target
ENSMUSG00000003657,Calb2,GGAAATTCTCTTCGGTCGGC,GGAAATTC,target
ENSMUSG00000003657,Calb2,AAAAGGAAATTCTCTTCGGT,AAAAGGAA,target
ENSMUSG00000003657,Calb2,GCAGCCCCCTTACCTGCACC,GCAGCCCC,target
ENSMUSG00000001175,Calm1,TGGGAATGGTTACATCAGTG,TGGGAATG,target
ENSMUSG00000001175,Calm1,TAGCGAAGAAGAGATCCGCG,TAGCGAAG,target
ENSMUSG00000001175,Calm1,AGGAACTGGGGACCGTCATG,AGGAACTG,target
ENSMUSG00000001175,Calm1,GTTGATCATATCCTGCAGCT,GTTGATCA,target
ENSMUSG00000003814,Calr,AGATGCCTGGACCAACCGCT,AGATGCCT,target
ENSMUSG00000003814,Calr,ATGAGCAGAATATCGACTGT,ATGAGCAG,target
ENSMUSG00000003814,Calr,TATGTTTGGATTCGACCCAG,TATGTTTG,target
ENSMUSG00000003814,Calr,AAAGAGCAGTTCTTGGACGG,AAAGAGCA,target
ENSMUSG00000028195,Ccn1,CTGCGCTAAACAACTCAACG,CTGCGCTA,target
ENSMUSG00000028195,Ccn1,GAGGCACCCAAGTGCGCCCC,GAGGCACC,target
ENSMUSG00000028195,Ccn1,ACATGTATTGATGGCGCCGT,ACATGTAT,target
ENSMUSG00000028195,Ccn1,CCGGACCAACCCGACTCCCG,CCGGACCA,target
ENSMUSG00000027793,Ccna1,TCAATGAACCAGCCAAACGT,TCAATGAA,target
ENSMUSG00000027793,Ccna1,CCCACAGAGAACCGTGCTAG,CCCACAGA,target
ENSMUSG00000027793,Ccna1,GAAGCAGCCGGACATCACGG,GAAGCAGC,target
ENSMUSG00000027793,Ccna1,ATATGGATGATCCTGAACAG,ATATGGAT,target
ENSMUSG00000070348,Ccnd1,GCACTTGAAGTAAGATACGG,GCACTTGA,target
ENSMUSG00000070348,Ccnd1,GATTGGTGTCAGGGTACGCG,GATTGGTG,target
ENSMUSG00000070348,Ccnd1,GCGAGCCATGCTCAAGACGG,GCGAGCCA,target
ENSMUSG00000070348,Ccnd1,CACTTGAAGTAAGATACGGA,CACTTGAA,target
ENSMUSG00000026012,Cd28,CAAGGGCGTGAACAGCGACG,CAAGGGCG,target
ENSMUSG00000026012,Cd28,TCGGCATTCGAGCGAAACTG,TCGGCATT,target
ENSMUSG00000026012,Cd28,TGCCGAGTTCAACTGCGACG,TGCCGAGT,target
ENSMUSG00000026012,Cd28,GCTTGTGGTAGATAGCAACG,GCTTGTGG,target
ENSMUSG00000028969,Cdk5,GAGTAGACAGATCTCCCGGA,GAGTAGAC,target
ENSMUSG00000028969,Cdk5,CTGTGTTCAAGGCTAAAAAC,CTGTGTTC,target
ENSMUSG00000028969,Cdk5,AGTACAGCTTGGCCCCAAAG,AGTACAGC,target
ENSMUSG00000028969,Cdk5,CTTGGGCACGACGTTCACCA,CTTGGGCA,target
ENSMUSG00000073802,Cdkn2b,GGATTGGGCGCCTCCCGAAG,GGATTGGG,target
ENSMUSG00000073802,Cdkn2b,CAGGGCGTTGGGATCTGCGC,CAGGGCGT,target
ENSMUSG00000073802,Cdkn2b,CTCCACTTGCCCCCGCGCCG,CTCCACTT,target
ENSMUSG00000073802,Cdkn2b,GTGGCAGGGTCGGCGCAGTT,GTGGCAGG,target
ENSMUSG00000028298,Cga,AGAAGCAACAGCCCATACAC,AGAAGCAA,target
ENSMUSG00000028298,Cga,AGCCCATACACTGGTAGATG,AGCCCATA,target
ENSMUSG00000028298,Cga,AGCCCCCATCTACCAGTGTA,AGCCCCCA,target
ENSMUSG00000028298,Cga,TGAATAATAAAGTCTCCATC,TGAATAAT,target
ENSMUSG00000021194,Chga,GCTGGGTTTGGACAGCGAGT,GCTGGGTT,target
ENSMUSG00000021194,Chga,TGTCTGGAGACCCTCCAAGG,TGTCTGGA,target
ENSMUSG00000021194,Chga,GGATGGAGATGGAAAGACAG,GGATGGAG,target
ENSMUSG00000021194,Chga,CAGCAGAAGCGCCAGAACCG,CAGCAGAA,target
ENSMUSG00000025199,Chuk,ATGCGGGAACGGCTTGGCAC,ATGCGGGA,target
ENSMUSG00000025199,Chuk,ACTGACGTTCCCGAAACCGC,ACTGACGT,target
ENSMUSG00000025199,Chuk,AAAGCTCCAATAATCCACAG,AAAGCTCC,target
ENSMUSG00000025199,Chuk,AGGCCTTTACAACATTCGCA,AGGCCTTT,target
ENSMUSG00000025958,Creb1,GAAGGGAAATCCTTTCAAGG,GAAGGGAA,target
ENSMUSG00000025958,Creb1,ACTTATCTTCTGATGCACCA,ACTTATCT,target
ENSMUSG00000025958,Creb1,CAGCTGCACTAAGGTTACAG,CAGCTGCA,target
ENSMUSG00000025958,Creb1,TAAATCACATACCTGTAGGA,TAAATCAC,target
ENSMUSG00000063889,Crem,GTGGTGTCTGAATAACTCCC,GTGGTGTC,target
ENSMUSG00000063889,Crem,GGGAATACCAGGCACATCAG,GGGAATAC,target
ENSMUSG00000063889,Crem,GCATATATCAGACTAGCACG,GCATATAT,target
ENSMUSG00000063889,Crem,TATGCTAGTTGGTACTGCCA,TATGCTAG,target
ENSMUSG00000042340,Ctf1,GCGGACGGCATCCAACAGCG,GCGGACGG,target
ENSMUSG00000042340,Ctf1,CGGACGGCATCCAACAGCGC,CGGACGGC,target
ENSMUSG00000042340,Ctf1,CAGGGCTACCGGTGTCCGAG,CAGGGCTA,target
ENSMUSG00000042340,Ctf1,TACCGGTGTCCGAGCGGCTG,TACCGGTG,target
ENSMUSG00000026011,Ctla4,AGCCAACACCACTGAAGGTT,AGCCAACA,target
ENSMUSG00000026011,Ctla4,ATGGAAAGCTGGCGACACCA,ATGGAAAG,target
ENSMUSG00000026011,Ctla4,TAGCCAACACCACTGAAGGT,TAGCCAAC,target
ENSMUSG00000026011,Ctla4,ACAGGTGACCCAACCTTCAG,ACAGGTGA,target
ENSMUSG00000029686,Cul1,GGTGTATACCAGACAAAGCA,GGTGTATA,target
ENSMUSG00000029686,Cul1,CATGGCAAAGTCCAGATACA,CATGGCAA,target
ENSMUSG00000029686,Cul1,AGATTGGTCTTGACCAGATC,AGATTGGT,target
ENSMUSG00000029686,Cul1,ATCTGGGATGACCTCAGAGC,ATCTGGGA,target
ENSMUSG00000000889,Dbh,AGTACGTGGTCTCATTGTCG,AGTACGTG,target
ENSMUSG00000000889,Dbh,CGTACATGGAAGCCGCCTCA,CGTACATG,target
ENSMUSG00000000889,Dbh,AGAGCCATTTCAGTCGCTGG,AGAGCCAT,target
ENSMUSG00000000889,Dbh,AAGCCGCCTCACGGACACTG,AAGCCGCC,target
ENSMUSG00000025408,Ddit3,CTCATCCCCAGGAAACGAAG,CTCATCCC,target
ENSMUSG00000116429,Ddit3,AGAATAACAGCCGGAACCTG,AGAATAAC,target
ENSMUSG00000025408,Ddit3,GGTGCCCCCAATTTCATCTG,GGTGCCCC,target
ENSMUSG00000116429,Ddit3,CAGCCGGAACCTGAGGAGAG,CAGCCGGA,target
ENSMUSG00000025408,Ddit3,TCAGCCAAGCTAGGGACGCA,TCAGCCAA,target
ENSMUSG00000025408,Ddit3,AGCCTGGTATGAGGATCTGC,AGCCTGGT,target
ENSMUSG00000116429,Ddit3,TATATCATGTTGAAGATGAG,TATATCAT,target
ENSMUSG00000116429,Ddit3,ATATCATGTTGAAGATGAGC,ATATCATG,target
ENSMUSG00000024190,Dusp1,GTACAAGAGCATCCCTGTGG,GTACAAGA,target
ENSMUSG00000024190,Dusp1,CCAGTACAAGAGCATCCCTG,CCAGTACA,target
ENSMUSG00000024190,Dusp1,GGCTGAGACGTTGATCAAGG,GGCTGAGA,target
ENSMUSG00000024190,Dusp1,ACTCCATCAAGGATGCTGGA,ACTCCATC,target
ENSMUSG00000038418,Egr1,AGTGAGGAAAGGAGCCGAAC,AGTGAGGA,target
ENSMUSG00000038418,Egr1,CTGGGGTTCCGGCAGCACCG,CTGGGGTT,target
ENSMUSG00000038418,Egr1,CCGGCAGCACCGAGGAACTG,CCGGCAGC,target
ENSMUSG00000038418,Egr1,GTGGATAGTGGAGTGAGCGA,GTGGATAG,target
ENSMUSG00000037868,Egr2,GAGTGCGGGCATCTTGCAAG,GAGTGCGG,target
ENSMUSG00000037868,Egr2,TGAGTGCGGGCATCTTGCAA,TGAGTGCG,target
ENSMUSG00000037868,Egr2,TCCATTGACCCACAGTACCC,TCCATTGA,target
ENSMUSG00000037868,Egr2,GACATGGTACACACACCCAG,GACATGGT,target
ENSMUSG00000004267,Eno2,ATAGAGATCCACCTCCACGG,ATAGAGAT,target
ENSMUSG00000004267,Eno2,AGGCCCTGGAACTAAGGGAT,AGGCCCTG,target
ENSMUSG00000004267,Eno2,GTGGATCTCTATACTGCCAA,GTGGATCT,target
ENSMUSG00000004267,Eno2,GGCCTCATAGATGCCGGTGG,GGCCTCAT,target
ENSMUSG00000037370,Enpp1,ACATGGACCAGTCAGCAGCG,ACATGGAC,target
ENSMUSG00000037370,Enpp1,GTGGCGAGGTACTTACTCGG,GTGGCGAG,target
ENSMUSG00000037370,Enpp1,GTACCTGAATAAGTACTTGG,GTACCTGA,target
ENSMUSG00000037370,Enpp1,GATTACCGTGATCTGAAATG,GATTACCG,target
ENSMUSG00000069805,Fbp1,GCAGCCGGGTATGCGCTCTA,GCAGCCGG,target
ENSMUSG00000069805,Fbp1,ACTGCCATAGAGCGCATACC,ACTGCCAT,target
ENSMUSG00000069805,Fbp1,GCTGCCACCAGGTCCCGGCC,GCTGCCAC,target
ENSMUSG00000069805,Fbp1,GGACACAAGGCAGTCAATGT,GGACACAA,target
ENSMUSG00000020271,Fbxw11,ATAAAGTCCCGCTGCAACAT,ATAAAGTC,target
ENSMUSG00000020271,Fbxw11,CCTGATCTGATTCAGACCAC,CCTGATCT,target
ENSMUSG00000020271,Fbxw11,CCTTGATAGAGTTGTCCCGG,CCTTGATA,target
ENSMUSG00000020271,Fbxw11,ACGGCGTAAAGTGATATCGG,ACGGCGTA,target
ENSMUSG00000000183,Fgf6,CCAGTAGCGTGCCGTTGGCG,CCAGTAGC,target
ENSMUSG00000000183,Fgf6,TGGTGGGCATTAAGCGACAG,TGGTGGGC,target
ENSMUSG00000000183,Fgf6,ACGTGTTCAGGGCACGCTGC,ACGTGTTC,target
ENSMUSG00000000183,Fgf6,TACGAGTCAGACCTGTACAG,TACGAGTC,target
ENSMUSG00000021250,Fos,CTGCAGCCAAGTGCCGGAAT,CTGCAGCC,target
ENSMUSG00000021250,Fos,GGAGGCGCTACTGCAGCGGG,GGAGGCGC,target
ENSMUSG00000021250,Fos,GGAAAGGCTGTCCCCGGCCG,GGAAAGGC,target
ENSMUSG00000021250,Fos,CAGCCAAGTGCCGGAATCGG,CAGCCAAG,target
ENSMUSG00000003545,Fosb,GGCGGTGGGTGGACTGCCGA,GGCGGTGG,target
ENSMUSG00000003545,Fosb,GAGACTACGACTCCGGCTCC,GAGACTAC,target
ENSMUSG00000003545,Fosb,CGAAGGAGTCCACCGAAGAC,CGAAGGAG,target
ENSMUSG00000003545,Fosb,GAGTGCCTACAGCACTGGCG,GAGTGCCT,target
ENSMUSG00000046714,Foxc2,TGAGCAAAACTACTACCGGG,TGAGCAAA,target
ENSMUSG00000046714,Foxc2,GTATCGGACCCCAACGCCCT,GTATCGGA,target
ENSMUSG00000046714,Foxc2,GGATGTGCCCAAGGACAAGG,GGATGTGC,target
ENSMUSG00000046714,Foxc2,GCCGTGGTTCAGATACCAGG,GCCGTGGT,target
ENSMUSG00000039521,Foxp3,AGGTCGGGACCTGCGAAGTG,AGGTCGGG,target
ENSMUSG00000039521,Foxp3,AGCTGGAAGACTGCACCCAA,AGCTGGAA,target
ENSMUSG00000039521,Foxp3,TGGACGCACTTGGAGCACAG,TGGACGCA,target
ENSMUSG00000039521,Foxp3,GAGTGTCCTCTGCCTCTCCG,GAGTGTCC,target
ENSMUSG00000021765,Fst,AAGAGTGTTGCAGCACCGGC,AAGAGTGT,target
ENSMUSG00000021765,Fst,ATGGAGGACCGCAGCGCCCA,ATGGAGGA,target
ENSMUSG00000021765,Fst,TGAGGAGTGCACATTCGTTG,TGAGGAGT,target
ENSMUSG00000021765,Fst,CATGGAGGACCGCAGCGCCC,CATGGAGG,target
ENSMUSG00000000394,Gcg,ACTGCACAAAATCTTGGGCA,ACTGCACA,target
ENSMUSG00000000394,Gcg,CACAAAATCTTGGGCACGGC,CACAAAAT,target
ENSMUSG00000000394,Gcg,GGCTGGATTGCTTATAATGC,GGCTGGAT,target
ENSMUSG00000000394,Gcg,CAGGTATTTGCTGTAGTCGC,CAGGTATT,target
ENSMUSG00000025127,Gcgr,CAGCAGGTGATGTACACCGT,CAGCAGGT,target
ENSMUSG00000025127,Gcgr,CATTGGGAGGCGTTGCGCCA,CATTGGGA,target
ENSMUSG00000025127,Gcgr,CCAGCAGGAGTACTTGTCGA,CCAGCAGG,target
ENSMUSG00000025127,Gcgr,GCCGTACTGCATGATCACTG,GCCGTACT,target
ENSMUSG00000041798,Gck,CCAGATGTATTCCATCCCCG,CCAGATGT,target
ENSMUSG00000041798,Gck,ATGCAGAAGGAGATGGACCG,ATGCAGAA,target
ENSMUSG00000041798,Gck,GATGAGAGCTCAGTGAACCC,GATGAGAG,target
ENSMUSG00000041798,Gck,ATAGTAGCAGGAGATCATTG,ATAGTAGC,target
ENSMUSG00000028214,Gem,CAGTAGAGTGGCGGTTTCGG,CAGTAGAG,target
ENSMUSG00000028214,Gem,AGTCGGACGACCAGCTCCGC,AGTCGGAC,target
ENSMUSG00000028214,Gem,CTCCGGAAGAGCACTGCCGG,CTCCGGAA,target
ENSMUSG00000028214,Gem,ACTCTCTCCGTCAACGACCA,ACTCTCTC,target
ENSMUSG00000030406,Gipr,CTGCAGATCATGTATACCGT,CTGCAGAT,target
ENSMUSG00000030406,Gipr,GGGGCAAGACACCCGAGCAG,GGGGCAAG,target
ENSMUSG00000030406,Gipr,GCGCTGGTACAGCTCCCCCG,GCGCTGGT,target
ENSMUSG00000030406,Gipr,ACCTCACCCTGACGGAACCA,ACCTCACC,target
ENSMUSG00000000628,Hk2,GATTTCTAGGCGGTTCCGGA,GATTTCTA,target
ENSMUSG00000000628,Hk2,ATCCGGAGTTGACCTCACAA,ATCCGGAG,target
ENSMUSG00000000628,Hk2,TAGTCTCCTTACCAACAATG,TAGTCTCC,target
ENSMUSG00000000628,Hk2,GACGAGCTCTCTCTCAACCC,GACGAGCT,target
ENSMUSG00000020679,Hnf1b,AGGGAGGTGGTCGATGTCAC,AGGGAGGT,target
ENSMUSG00000020679,Hnf1b,GAGTTCAGTCAACAGAACCA,GAGTTCAG,target
ENSMUSG00000020679,Hnf1b,AGTTCAGTCAACAGAACCAG,AGTTCAGT,target
ENSMUSG00000020679,Hnf1b,GCCGCAACCGGTTTAAATGG,GCCGCAAC,target
ENSMUSG00000017950,Hnf4a,GGCTCCGTAGTGTTTGCCGG,GGCTCCGT,target
ENSMUSG00000017950,Hnf4a,TAAGCCTGCAGTAACGACAC,TAAGCCTG,target
ENSMUSG00000017950,Hnf4a,CAGGTTTAGCCGACAATGTG,CAGGTTTA,target
ENSMUSG00000017950,Hnf4a,CTGCAGGAGATGCTTCTCGG,CTGCAGGA,target
ENSMUSG00000020361,Hspa4,CAGTTGCCCACTGGATTAAC,CAGTTGCC,target
ENSMUSG00000020361,Hspa4,GATCGGAGAATGCACGCCCA,GATCGGAG,target
ENSMUSG00000020361,Hspa4,TATGTCGCTGTGGCCCGCGC,TATGTCGC,target
ENSMUSG00000020361,Hspa4,GCCCCACTTACGGCGTGCAG,GCCCCACT,target
ENSMUSG00000026864,Hspa5,GATGCGGTTGCCCTGATCGT,GATGCGGT,target
ENSMUSG00000026864,Hspa5,ACGGTGGTCGGCATCGACTT,ACGGTGGT,target
ENSMUSG00000026864,Hspa5,CATTCCAAGTGCGTCCGATG,CATTCCAA,target
ENSMUSG00000026864,Hspa5,TGTGTTCAAGAACGGCCGCG,TGTGTTCA,target
ENSMUSG00000056999,Ide,GTGCACATCGAGGGCCGCTG,GTGCACAT,target
ENSMUSG00000056999,Ide,TAAGCAAGAAGCTATCCCAG,TAAGCAAG,target
ENSMUSG00000056999,Ide,ATACAGCCATGAGTAAGCTG,ATACAGCC,target
ENSMUSG00000056999,Ide,GGTGGTGAAGCTGTTCTCCG,GGTGGTGA,target
ENSMUSG00000055170,Ifng,GAACTCAAGTGGCATAGATG,GAACTCAA,target
ENSMUSG00000055170,Ifng,TGAGGTAGAAAGAGATAATC,TGAGGTAG,target
ENSMUSG00000055170,Ifng,TGCTGAAGAAGGTAGTAATC,TGCTGAAG,target
ENSMUSG00000055170,Ifng,GTCTCTTCTTGGATATCTGG,GTCTCTTC,target
ENSMUSG00000031537,Ikbkb,TAAGGACAGCTCCTTCCCGC,TAAGGACA,target
ENSMUSG00000031537,Ikbkb,GCTGCCCGGGATGTCCCAGA,GCTGCCCG,target
ENSMUSG00000031537,Ikbkb,TTTCTGGCTTCAGGTCTCGA,TTTCTGGC,target
ENSMUSG00000031537,Ikbkb,GCTGAACCATCCCAATGTGG,GCTGAACC,target
ENSMUSG00000004221,Ikbkg,GGAACTCCTTCTCCTCCCGC,GGAACTCC,target
ENSMUSG00000004221,Ikbkg,AGTGAGATGGTGCAGCCCAG,AGTGAGAT,target
ENSMUSG00000004221,Ikbkg,GAAGAACCAGCTGAGTGAGA,GAAGAACC,target
ENSMUSG00000004221,Ikbkg,TGTCACCTGAGCTTTCACAG,TGTCACCT,target
ENSMUSG00000016529,Il10,GCTAACCGACTCCTTAATGC,GCTAACCG,target
ENSMUSG00000016529,Il10,GACTGGCATGAGGATCAGCA,GACTGGCA,target
ENSMUSG00000016529,Il10,AGCATGTGGCTCTGGCCGAC,AGCATGTG,target
ENSMUSG00000016529,Il10,TGCTGCCTGCTCTTACTGAC,TGCTGCCT,target
ENSMUSG00000004296,Il12b,GACTGGACTCCCGATGCCCC,GACTGGAC,target
ENSMUSG00000004296,Il12b,AAGCACCAAATTACTCCGGA,AAGCACCA,target
ENSMUSG00000004296,Il12b,CTGAAGAAGATGACATCACC,CTGAAGAA,target
ENSMUSG00000004296,Il12b,CAGTACACCTGCCACAAAGG,CAGTACAC,target
ENSMUSG00000026072,Il1r1,GTATGTCCTATACGTTCCGG,GTATGTCC,target
ENSMUSG00000026072,Il1r1,CGTATGTCCTATACGTTCCG,CGTATGTC,target
ENSMUSG00000026072,Il1r1,ACAGCGGCTCCACATTGCCG,ACAGCGGC,target
ENSMUSG00000026072,Il1r1,AGTCCCGGTCCGCTGATATG,AGTCCCGG,target
ENSMUSG00000027720,Il2,AAGTGGGTGCGCTGTTGACA,AAGTGGGT,target
ENSMUSG00000027720,Il2,ACAGGAACCTGAAACTCCCC,ACAGGAAC,target
ENSMUSG00000027720,Il2,TCCTGCTCAGGAGCTCCTGT,TCCTGCTC,target
ENSMUSG00000027720,Il2,GGTCCATCAACAGCTGCTCC,GGTCCATC,target
ENSMUSG00000025746,Il6,CCTACTTCACAAGTCCGGAG,CCTACTTC,target
ENSMUSG00000025746,Il6,TATACCACTTCACAAGTCGG,TATACCAC,target
ENSMUSG00000025746,Il6,ACTGATGCTGGTGACAACCA,ACTGATGC,target
ENSMUSG00000025746,Il6,GTGGTATAGACAGGTCTGTT,GTGGTATA,target
ENSMUSG00000041324,Inhba,GCACCCACCTGACTCGGCAA,GCACCCAC,target
ENSMUSG00000041324,Inhba,AGTTAGGTCCATCCTTCGGA,AGTTAGGT,target
ENSMUSG00000041324,Inhba,AGATAGAGGACGACATTGGC,AGATAGAG,target
ENSMUSG00000041324,Inhba,CCCCCACCCCAGGATCCGAG,CCCCCACC,target
ENSMUSG00000035804,Ins1,CTGGGAGCCCAAACCCACCC,CTGGGAGC,target
ENSMUSG00000035804,Ins1,GGGGTAGGAAGTGCACCAAC,GGGGTAGG,target
ENSMUSG00000035804,Ins1,GGGTAGGAAGTGCACCAACA,GGGTAGGA,target
ENSMUSG00000035804,Ins1,GGAGCTGGGAGGAAGCCCCG,GGAGCTGG,target
ENSMUSG00000005534,Insr,CTTCACAAAGATGGCGTATT,CTTCACAA,target
ENSMUSG00000005534,Insr,GGCCCCGCATCAGCCACCCA,GGCCCCGC,target
ENSMUSG00000005534,Insr,TCTGATGAACGGCGGACCTA,TCTGATGA,target
ENSMUSG00000005534,Insr,CCCGCATCAGCCACCCAGGG,CCCGCATC,target
ENSMUSG00000031392,Irak1,ACAGAAGGGCCAGCAAAACG,ACAGAAGG,target
ENSMUSG00000031392,Irak1,AGCTGACCTAGAGTGGACTA,AGCTGACC,target
ENSMUSG00000031392,Irak1,AGAGACACCTACCTTGGTGG,AGAGACAC,target
ENSMUSG00000031392,Irak1,AGATGGTAGTGGTGGCCCGA,AGATGGTA,target
ENSMUSG00000059883,Irak4,ACATACGCAACCTTAATGTG,ACATACGC,target
ENSMUSG00000059883,Irak4,GTCGCCAACTGTGCAGTTCG,GTCGCCAA,target
ENSMUSG00000059883,Irak4,GTAGCTATCAAAAAGCCGTC,GTAGCTAT,target
ENSMUSG00000059883,Irak4,TGTAAGCATACACTAAGCAC,TGTAAGCA,target
ENSMUSG00000055980,Irs1,GCATACTCTTGGGCTTGCGC,GCATACTC,target
ENSMUSG00000055980,Irs1,CAATGGCAAAGTGTTCGTCT,CAATGGCA,target
ENSMUSG00000055980,Irs1,TCCAGGACCCGCGTTCAAGG,TCCAGGAC,target
ENSMUSG00000055980,Irs1,ATGTTGAAACAGCTCTCGAG,ATGTTGAA,target
ENSMUSG00000038894,Irs2,CTTATGAACATTCGCCGCTG,CTTATGAA,target
ENSMUSG00000038894,Irs2,GATGCAAGCCGACGACTCGG,GATGCAAG,target
ENSMUSG00000038894,Irs2,TCTGAACATCAACAAGCGCG,TCTGAACA,target
ENSMUSG00000038894,Irs2,CGCCACGGCCGTCTACCGCG,CGCCACGG,target
ENSMUSG00000052837,Junb,CAAGCGCTCCAGTTCCGTGG,CAAGCGCT,target
ENSMUSG00000052837,Junb,AACCTGGCGGATCCCTATCG,AACCTGGC,target
ENSMUSG00000052837,Junb,ACGCAGCGGCGGGATACGGT,ACGCAGCG,target
ENSMUSG00000052837,Junb,GGAACCGCAGACCGTACCGG,GGAACCGC,target
ENSMUSG00000071076,Jund,GCAGTTCCTCTACCCGAAGG,GCAGTTCC,target
ENSMUSG00000071076,Jund,GAAGGTGCAGTGGCCGACCC,GAAGGTGC,target
ENSMUSG00000071076,Jund,GATCATCCAGTCCAACGGGC,GATCATCC,target
ENSMUSG00000071076,Jund,CGAAGCCAGCAGCCCGTCGG,CGAAGCCA,target
ENSMUSG00000045534,Kcna5,AGTCCAAAGAAACATCACCG,AGTCCAAA,target
ENSMUSG00000045534,Kcna5,GGTGTTGGGAAACTGCGCCA,GGTGTTGG,target
ENSMUSG00000045534,Kcna5,TTATTGAGTCCAGCCGTCGG,TTATTGAG,target
ENSMUSG00000045534,Kcna5,GAGGAGGCGCGCCACACACG,GAGGAGGC,target
ENSMUSG00000063229,Ldha,AAGCTGGTCATTATCACCGC,AAGCTGGT,target
ENSMUSG00000063229,Ldha,AGCGCGGTTCCGTTACCTGA,AGCGCGGT,target
ENSMUSG00000063229,Ldha,CAAGCTGGTCATTATCACCG,CAAGCTGG,target
ENSMUSG00000063229,Ldha,TGGTATTAAAGACTTACCAC,TGGTATTA,target
ENSMUSG00000055435,Maf,GGCTTCGATGGCTATGCGCG,GGCTTCGA,target
ENSMUSG00000055435,Maf,ATGATGCGGTCGGTCTCCAC,ATGATGCG,target
ENSMUSG00000055435,Maf,CGGCGATGAGACGGCCGCAC,CGGCGATG,target
ENSMUSG00000055435,Maf,GATCACGGCGGACACCACGG,GATCACGG,target
ENSMUSG00000028284,Map3k7,GGGACTTACTGGATTCAGGC,GGGACTTA,target
ENSMUSG00000028284,Map3k7,AAACCCTTCGATGAGATCGG,AAACCCTT,target
ENSMUSG00000028284,Map3k7,CTTCGAAGAGATCGACTACA,CTTCGAAG,target
ENSMUSG00000028284,Map3k7,GATGATCGAAGCGCCGTCGC,GATGATCG,target
ENSMUSG00000033307,Mif,CGTCCCCCACGCACCGGTCC,CGTCCCCC,target
ENSMUSG00000033307,Mif,AACCTGTGCGGGCTTGCCGG,AACCTGTG,target
ENSMUSG00000033307,Mif,CCCGCGCCTCCGTGCCAGAG,CCCGCGCC,target
ENSMUSG00000033307,Mif,TCCTCCCTGCAAACCTGTGC,TCCTCCCT,target
ENSMUSG00000032508,Myd88,CCCTTGGTCGCGCTTAACGT,CCCTTGGT,target
ENSMUSG00000032508,Myd88,GAACCCTCGGACGCCCGTGG,GAACCCTC,target
ENSMUSG00000032508,Myd88,CCCACGTTAAGCGCGACCAA,CCCACGTT,target
ENSMUSG00000032508,Myd88,CTTGAACCCTCGGACGCCCG,CTTGAACC,target
ENSMUSG00000039542,Ncam1,GAATGTGGATAAAAACGACG,GAATGTGG,target
ENSMUSG00000039542,Ncam1,GAGGGTACTTACCGCTGTGA,GAGGGTAC,target
ENSMUSG00000039542,Ncam1,GGAACCCATAGAGAACGAGG,GGAACCCA,target
ENSMUSG00000039542,Ncam1,GGTTCCACCCGGTCAATGGA,GGTTCCAC,target
ENSMUSG00000010376,Nedd8,CAGCAGCGGCTCATCTACAG,CAGCAGCG,target
ENSMUSG00000010376,Nedd8,GCTGATTACAAGATTCTAGG,GCTGATTA,target
ENSMUSG00000010376,Nedd8,TAGATGAGCCGCTGCTGCTG,TAGATGAG,target
ENSMUSG00000010376,Nedd8,GGATTCCCCCCCAGCAGCAG,GGATTCCC,target
ENSMUSG00000034701,Neurod1,TTTGCAGAGCGTCTGTACGA,TTTGCAGA,target
ENSMUSG00000034701,Neurod1,GGAGGACTCTCTGAGAAACG,GGAGGACT,target
ENSMUSG00000034701,Neurod1,GGTAGGAGTAGGGATGCACC,GGTAGGAG,target
ENSMUSG00000034701,Neurod1,GCTGGCGGTTGGCAGATGCG,GCTGGCGG,target
ENSMUSG00000021025,Nfkbia,GATCCGCCTGCAGCCGCAGG,GATCCGCC,target
ENSMUSG00000021025,Nfkbia,CCTTCTTGAGGCCATCCCGC,CCTTCTTG,target
ENSMUSG00000021025,Nfkbia,CTGGGCCATGGAGGGCCCGC,CTGGGCCA,target
ENSMUSG00000021025,Nfkbia,GTGGACGATCGCCACGACAG,GTGGACGA,target
ENSMUSG00000020826,Nos2,TGGATCCTGCCGATGCAGCG,TGGATCCT,target
ENSMUSG00000020826,Nos2,TATGTGAGGATCAAAAACTG,TATGTGAG,target
ENSMUSG00000020826,Nos2,ACAGCGCTACAACATCCTGG,ACAGCGCT,target
ENSMUSG00000020826,Nos2,GTGATGCTCCCAGACACTGG,GTGATGCT,target
ENSMUSG00000028978,Nos3,GAACTGACAGAGTAGTACCG,GAACTGAC,target
ENSMUSG00000028978,Nos3,TCAGGAGCCTGGAGTAACAG,TCAGGAGC,target
ENSMUSG00000028978,Nos3,GCCTGCCGCAGCGTACATGG,GCCTGCCG,target
ENSMUSG00000028978,Nos3,TGTGTGGGCCGGATCCAGTG,TGTGTGGG,target
ENSMUSG00000041616,Nppa,TTGGACACCGCACTGTACAC,TTGGACAC,target
ENSMUSG00000041616,Nppa,AGATGAGGTCATGCCCCCGC,AGATGAGG,target
ENSMUSG00000041616,Nppa,CAGTCCAGGGAGGCACCTCG,CAGTCCAG,target
ENSMUSG00000041616,Nppa,GAAGCCAAAAGGCCAAGACG,GAAGCCAA,target
ENSMUSG00000029819,Npy,ACACGAGCAGAGATAGAGCG,ACACGAGC,target
ENSMUSG00000029819,Npy,TGCTAGGTAACAAGCGAATG,TGCTAGGT,target
ENSMUSG00000029819,Npy,CACGAGCAGAGATAGAGCGA,CACGAGCA,target
ENSMUSG00000029819,Npy,CCCGGATTGTCCGGCTTGGA,CCCGGATT,target
ENSMUSG00000026826,Nr4a2,TAGTAAACCGACCCGCTGTG,TAGTAAAC,target
ENSMUSG00000026826,Nr4a2,GATGATGCCACACAGCGGGT,GATGATGC,target
ENSMUSG00000026826,Nr4a2,GACCAGCCTGGACTATTCCA,GACCAGCC,target
ENSMUSG00000026826,Nr4a2,GCACTGATCAGACTCACCGG,GCACTGAT,target
NA,NTC,TAATACGCCGTTACGTACGC,TAATACGC,ntc
NA,NTC,TGCGTCGACTACGGAACCGA,TGCGTCGA,ntc
NA,NTC,ACGTCGGCAGGCGTAATACG,ACGTCGGC,ntc
NA,NTC,CAATGGATCGATCGCGCGCC,CAATGGAT,ntc
NA,NTC,CCGATTTCGAGCGATCGCCG,CCGATTTC,ntc
NA,NTC,CTCGTAGTACGTTAATCGGC,CTCGTAGT,ntc
NA,NTC,GTCGAATCGTCCGGTACCGC,GTCGAATC,ntc
NA,NTC,CGACCGGTGTCGCGCTCAAC,CGACCGGT,ntc
NA,NTC,TCGACGACGATCGTTCGTGC,TCGACGAC,ntc
NA,NTC,GTAGCCCGCGACACGTCGTC,GTAGCCCG,ntc
NA,NTC,CGACGCAATACGTCCCGCAC,CGACGCAA,ntc
NA,NTC,ACGCGTACGGTCGGGTACTT,ACGCGTAC,ntc
NA,NTC,AATCGCGTCGGATCGGCGTT,AATCGCGT,ntc
NA,NTC,ATGATCGCCGGCGTATCGAC,ATGATCGC,ntc
NA,NTC,GCGCGACGTATCCGTTACGT,GCGCGACG,ntc
NA,NTC,CGAACTATACGTCACGCGTT,CGAACTAT,ntc
NA,NTC,CTACTTCGGGCGCGTTACGT,CTACTTCG,ntc
NA,NTC,CGCGCTACGTATATACGAGC,CGCGCTAC,ntc
NA,NTC,CGGTCACGTAGTCGATCAAT,CGGTCACG,ntc
NA,NTC,CGTCGACACGCTAGGCGGTA,CGTCGACA,ntc
NA,NTC,ATCGTCGCGAATCGTGAACG,ATCGTCGC,ntc
NA,NTC,GGACGTCTACCGTCGCGCAG,GGACGTCT,ntc
NA,NTC,CGCGTCTGTCGTGCGCTAGT,CGCGTCTG,ntc
NA,NTC,TCGTTCGGATGGTCGACCGT,TCGTTCGG,ntc
NA,NTC,ACGTTAGTCGCGAACCGTTT,ACGTTAGT,ntc
NA,NTC,TTCGGACGCTCGTTACGTAG,TTCGGACG,ntc
NA,NTC,CGACGTATCGTACCGAGAAC,CGACGTAT,ntc
NA,NTC,TCGCGCGCCTATTTACGATT,TCGCGCGC,ntc
NA,NTC,GCTCGATGTACCGACTCGAG,GCTCGATG,ntc
NA,NTC,CGACACGTAGTGACGCGCCG,CGACACGT,ntc
NA,NTC,TGGTACCGCGTTAACGTCGC,TGGTACCG,ntc
NA,NTC,TGGTGAACGATCCGGCGCAT,TGGTGAAC,ntc
NA,NTC,TACAACGCGTCGCCGCGATT,TACAACGC,ntc
NA,NTC,GCTTAACGTTACGTACGACC,GCTTAACG,ntc
NA,NTC,ATGCGCGGCTACGACTAATC,ATGCGCGG,ntc
NA,NTC,GAACGCGTCGCGACCGTCGA,GAACGCGT,ntc
NA,NTC,ACGCGTGGCGAGTCTCGTTA,ACGCGTGG,ntc
NA,NTC,TACGCGTAGTAGATGCGTCG,TACGCGTA,ntc
NA,NTC,ATGGGTACGTCGTCCGGACG,ATGGGTAC,ntc
NA,NTC,TGATCGCCAACGCGACGTTG,TGATCGCC,ntc
NA,NTC,CGATCGTGTAAGTTTACGCG,CGATCGTG,ntc
NA,NTC,GCGCAATTTCTACGCGCGAT,GCGCAATT,ntc
NA,NTC,ACGGCACGCGTACGGTAGAA,ACGGCACG,ntc
NA,NTC,ACACTAATCGGCGACGATCG,ACACTAAT,ntc
NA,NTC,AATACGTCAAGCGATCGCGC,AATACGTC,ntc
NA,NTC,CGTTGCGATACCGCTTTCGA,CGTTGCGA,ntc
NA,NTC,CACGTCGTGTCGCGCATAGC,CACGTCGT,ntc
NA,NTC,CGACGGCCTTGAATACGCGC,CGACGGCC,ntc
NA,NTC,GACTACGCCGCCGTACGTAA,GACTACGC,ntc
NA,NTC,CGCTACAATACGTTCGTACG,CGCTACAA,ntc
NA,NTC,GAGCACGACCGATCGTTACG,GAGCACGA,ntc
NA,NTC,CGCATACGAGGATTAGCGCG,CGCATACG,ntc
NA,NTC,CGGTCTACGTCGACGCGTCG,CGGTCTAC,ntc
NA,NTC,CGAGTCATACGCGCGTAGAA,CGAGTCAT,ntc
NA,NTC,CCGCGTCGAGATACGCTTAG,CCGCGTCG,ntc
NA,NTC,CGCCCCGACGTATCCGCTAA,CGCCCCGA,ntc
NA,NTC,ACGTGCGCGATCAACCCGTT,ACGTGCGC,ntc
NA,NTC,GTCCGACGTCGACGAAAAAT,GTCCGACG,ntc
NA,NTC,TGAGACCGTACGACCCGCGT,TGAGACCG,ntc
NA,NTC,TTATCCGTTCGATCGCTCGT,TTATCCGT,ntc
ENSMUSG00000011179,Odc1,GCGTAAAAGGGAGTGACGCG,GCGTAAAA,target
ENSMUSG00000011179,Odc1,CTGCGTAAAAGGGAGTGACG,CTGCGTAA,target
ENSMUSG00000011179,Odc1,TCTTGGTTCTAGACAGAAGT,TCTTGGTT,target
ENSMUSG00000011179,Odc1,ATATTGACGTCATTGGTGTG,ATATTGAC,target
ENSMUSG00000033850,Olfr1015,TGTAACAGAGACCAGGTGAG,TGTAACAG,neg
ENSMUSG00000033850,Olfr1015,AGCGTGTCGATCATATGCCA,AGCGTGTC,neg
ENSMUSG00000033850,Olfr1015,GTTGAGATAGGAAATTAGGA,GTTGAGAT,neg
ENSMUSG00000033850,Olfr1015,AGAAGAGTGTAACAGAGACC,AGAAGAGT,neg
ENSMUSG00000043267,Olfr1031,AGAGAAGCACATATCCACAA,AGAGAAGC,neg
ENSMUSG00000043267,Olfr1031,GACCATGTGGACTTACAACC,GACCATGT,neg
ENSMUSG00000043267,Olfr1031,TTAGCTCTACAGAAGGCAAG,TTAGCTCT,neg
ENSMUSG00000043267,Olfr1031,ATCTTGCTACCATAAAGCAG,ATCTTGCT,neg
ENSMUSG00000029184,Olfr109,GCCAACAGGATGCACAACTG,GCCAACAG,neg
ENSMUSG00000029184,Olfr109,GATGGAGAACTCCACTTCAG,GATGGAGA,neg
ENSMUSG00000029184,Olfr109,CTCATCGGTGACTCTTCCCA,CTCATCGG,neg
ENSMUSG00000029184,Olfr109,AGAAGGTTGATGAGAACCTT,AGAAGGTT,neg
ENSMUSG00000036658,Olfr11,AGGATACAGCCGCCAACTGA,AGGATACA,neg
ENSMUSG00000036658,Olfr11,TAGGTTTCTCTGATCAACCA,TAGGTTTC,neg
ENSMUSG00000036658,Olfr11,TGATGGTGGTAGAAAGTACA,TGATGGTG,neg
ENSMUSG00000036658,Olfr11,ACTCTCCAGTTGCCACGCTG,ACTCTCCA,neg
ENSMUSG00000035626,Olfr1509,AGACTATGGTAACAACAATG,AGACTATG,neg
ENSMUSG00000035626,Olfr1509,GACTGTGTAAGAAGTGACCA,GACTGTGT,neg
ENSMUSG00000035626,Olfr1509,ACAGGGCGACCACCATGAAG,ACAGGGCG,neg
ENSMUSG00000035626,Olfr1509,CGAGTGTAGAGGAAGATACA,CGAGTGTA,neg
ENSMUSG00000037924,Olfr16,TGGTTAGGAAAACCACAAAG,TGGTTAGG,neg
ENSMUSG00000037924,Olfr16,CTCAGAGACTGTGTACACAC,CTCAGAGA,neg
ENSMUSG00000037924,Olfr16,TCAGGCTGGAAAGCATCCGT,TCAGGCTG,neg
ENSMUSG00000037924,Olfr16,GGAAGAGACAATGAGCACAT,GGAAGAGA,neg
ENSMUSG00000043119,Olfr448,GCCTCAGGATAAGAACAACG,GCCTCAGG,neg
ENSMUSG00000043119,Olfr448,GATAAGAACAACGTGGACCA,GATAAGAA,neg
ENSMUSG00000043119,Olfr448,CAGAGTGAAAGTATAGAGCA,CAGAGTGA,neg
ENSMUSG00000043119,Olfr448,TCTATACTTTCACTCTGCTG,TCTATACT,neg
ENSMUSG00000042219,Olfr631,TGGATTCATCCTATACACGG,TGGATTCA,neg
ENSMUSG00000042219,Olfr631,GAGCACTGCAGACTCCATGA,GAGCACTG,neg
ENSMUSG00000042219,Olfr631,AAGCCACTGAGGTAGAACAT,AAGCCACT,neg
ENSMUSG00000042219,Olfr631,AGGTAGACACTGACAGCCCC,AGGTAGAC,neg
ENSMUSG00000042909,Olfr648,CTAGGACAAAGCTATAGTGG,CTAGGACA,neg
ENSMUSG00000042909,Olfr648,GAGTATAAGAGACAGCAATG,GAGTATAA,neg
ENSMUSG00000042909,Olfr648,TAATGTGAGCAGTTACAACC,TAATGTGA,neg
ENSMUSG00000042909,Olfr648,AAGATAGTAGCATATCTCAA,AAGATAGT,neg
ENSMUSG00000035932,Olfr750,GTACATGCCAGGTGAAGCAA,GTACATGC,neg
ENSMUSG00000035932,Olfr750,GCAAGGCCACAGCCACTGTG,GCAAGGCC,neg
ENSMUSG00000035932,Olfr750,TCTGCCGACCGGAAGCAGAG,TCTGCCGA,neg
ENSMUSG00000035932,Olfr750,TCTGGGATGGCCTTACGTAG,TCTGGGAT,neg
ENSMUSG00000040618,Pck2,AGGGTTTGGATGCTACGGCA,AGGGTTTG,target
ENSMUSG00000040618,Pck2,GGCACTGTGTCCCGCTGCGA,GGCACTGT,target
ENSMUSG00000040618,Pck2,TGATTGTAACTCCTTCGCAG,TGATTGTA,target
ENSMUSG00000040618,Pck2,GGTGGCAGCAGAGGTACCAG,GGTGGCAG,target
ENSMUSG00000027342,Pcna,ATACGTGCAAATTCACCCGA,ATACGTGC,target
ENSMUSG00000027342,Pcna,CCATGGGCGTGAACCTCACC,CCATGGGC,target
ENSMUSG00000027342,Pcna,GGTACCTCAGAGCAAACGTT,GGTACCTC,target
ENSMUSG00000027342,Pcna,CCTGGTGAGGTTCACGCCCA,CCTGGTGA,target
ENSMUSG00000024892,Pcx,TTACACCCGGGCCTACTCCG,TTACACCC,target
ENSMUSG00000024892,Pcx,TAGGCTTATACTCCAGACGC,TAGGCTTA,target
ENSMUSG00000024892,Pcx,GTTGGAAGAGAATTACACCC,GTTGGAAG,target
ENSMUSG00000024892,Pcx,GGCTGCCATCTCATACACGG,GGCTGCCA,target
ENSMUSG00000029644,Pdx1,GGGCCCCTCTGGAATGCGCA,GGGCCCCT,target
ENSMUSG00000029644,Pdx1,GGGTCGTCGGAGGCGAGCGG,GGGTCGTC,target
ENSMUSG00000029644,Pdx1,AGGACCCGTGCGCATTCCAG,AGGACCCG,target
ENSMUSG00000029644,Pdx1,CCCAGCGAGCTTGTAAACTG,CCCAGCGA,target
ENSMUSG00000045573,Penk,AGCTGCATTTAGCGCAGTCC,AGCTGCAT,target
ENSMUSG00000045573,Penk,CGCTAAATGCAGCTACCGCC,CGCTAAAT,target
ENSMUSG00000045573,Penk,AGCTACCGCCTGGTTCGCCC,AGCTACCG,target
ENSMUSG00000045573,Penk,TTGCTAGCCAAGAAGTACGG,TTGCTAGC,target
ENSMUSG00000020893,Per1,TGGACAAGGCCGGTGCTGCG,TGGACAAG,target
ENSMUSG00000020893,Per1,TCCAACGGACCCGAGTCCAG,TCCAACGG,target
ENSMUSG00000020893,Per1,GGACATGTCTACTTACACCC,GGACATGT,target
ENSMUSG00000020893,Per1,GTGGTACCTACTCACCAAGG,GTGGTACC,target
ENSMUSG00000019817,Plagl1,TGAGAAGACATTCAACCGGA,TGAGAAGA,target
ENSMUSG00000019817,Plagl1,TCCTACGCGTGTGACGATTG,TCCTACGC,target
ENSMUSG00000019817,Plagl1,GTGAATGGTGAACTTCTCCA,GTGAATGG,target
ENSMUSG00000019817,Plagl1,TAGGGAGGAAATCTCCAGAG,TAGGGAGG,target
ENSMUSG00000031538,Plat,TGCACCGGCAATATTCCACC,TGCACCGG,target
ENSMUSG00000031538,Plat,GAATATTGCCGGTGCAACAG,GAATATTG,target
ENSMUSG00000031538,Plat,CATGCTCAGAAGCAGCCGGG,CATGCTCA,target
ENSMUSG00000031538,Plat,CGAACCAAGATGCTTCAATG,CGAACCAA,target
ENSMUSG00000038583,Pln,CTGAGGCATTTCAATAGTGG,CTGAGGCA,target
ENSMUSG00000038583,Pln,TCCTGATAGCCGAGCGAGTG,TCCTGATA,target
ENSMUSG00000038583,Pln,GCAGCAGACATATCAAGATG,GCAGCAGA,target
ENSMUSG00000038583,Pln,TTGCTGAGGCATTTCAATAG,TTGCTGAG,target
ENSMUSG00000024521,Pmaip1,AGGACGAGTGTGCTCAACTC,AGGACGAG,target
ENSMUSG00000024521,Pmaip1,TCACTTTGTCTCCAATCCTC,TCACTTTG,target
ENSMUSG00000024521,Pmaip1,TAACTCTCTTTCAGACTTGA,TAACTCTC,target
ENSMUSG00000024521,Pmaip1,GGTTACTAAATTGAAGAGCT,GGTTACTA,target
ENSMUSG00000032053,Pou2af1,GCGTGGCCATACCAGCGTTG,GCGTGGCC,target
ENSMUSG00000032053,Pou2af1,CAGTAGCTCCTCACCGCGGT,CAGTAGCT,target
ENSMUSG00000032053,Pou2af1,GCTCCTTGACTCGAACACCC,GCTCCTTG,target
ENSMUSG00000032053,Pou2af1,ATGGGGAGCTGGACAAACTG,ATGGGGAG,target
ENSMUSG00000022383,Ppara,GATGTTCAGGGCACTGCCGG,GATGTTCA,target
ENSMUSG00000022383,Ppara,GGAAGCTGTCCGGGCTCCGA,GGAAGCTG,target
ENSMUSG00000022383,Ppara,CACATGCGTGAACTCCGTAG,CACATGCG,target
ENSMUSG00000022383,Ppara,GGGACTCGTCCGTGCTGGCG,GGGACTCG,target
ENSMUSG00000000440,Pparg,AGTGGTCTTCCATCACGGAG,AGTGGTCT,target
ENSMUSG00000000440,Pparg,TATTTGTAATCAGCAACCAT,TATTTGTA,target
ENSMUSG00000000440,Pparg,CCATTCTGGCCCACCAACTT,CCATTCTG,target
ENSMUSG00000000440,Pparg,CACAGAGCTGATTCCGAAGT,CACAGAGC,target
ENSMUSG00000033871,Ppargc1b,GACATCCCCGAAGACGATGT,GACATCCC,target
ENSMUSG00000033871,Ppargc1b,ACATCCCCGAAGACGATGTG,ACATCCCC,target
ENSMUSG00000033871,Ppargc1b,TCTGTCCCCAGCGTCTGACG,TCTGTCCC,target
ENSMUSG00000033871,Ppargc1b,GCTGGGCCAAGTCTTCAAGG,GCTGGGCC,target
ENSMUSG00000040435,Ppp1r15a,GACTGAGCAAGCCCATCAGT,GACTGAGC,target
ENSMUSG00000040435,Ppp1r15a,TGGGCTTGCTCAGTCGGGCC,TGGGCTTG,target
ENSMUSG00000040435,Ppp1r15a,ACTGAGCAAGCCCATCAGTG,ACTGAGCA,target
ENSMUSG00000040435,Ppp1r15a,CTCTCTAGAGTAGTACTCCC,CTCTCTAG,target
ENSMUSG00000020349,Ppp2ca,GAGCGCATCACCATACTCCG,GAGCGCAT,target
ENSMUSG00000020349,Ppp2ca,CTCGTGATTCCCTCGGAGTA,CTCGTGAT,target
ENSMUSG00000020349,Ppp2ca,AGCGCATCACCATACTCCGA,AGCGCATC,target
ENSMUSG00000020349,Ppp2ca,GGTCAAGAGCCTCTGCGAGA,GGTCAAGA,target
ENSMUSG00000020612,Prkar1a,ACCTCTCAAAGTATTCCCGA,ACCTCTCA,target
ENSMUSG00000020612,Prkar1a,CGTAGTGCACAGCTGCACGA,CGTAGTGC,target
ENSMUSG00000020612,Prkar1a,TGTGCACTACGCGGCCCGAG,TGTGCACT,target
ENSMUSG00000020612,Prkar1a,TCGTGCAGCTGTGCACTACG,TCGTGCAG,target
ENSMUSG00000021342,Prl,CCAGCGGAACAGATTGGCAG,CCAGCGGA,target
ENSMUSG00000021342,Prl,CCGAGAGCTGTTTGACCGTG,CCGAGAGC,target
ENSMUSG00000021342,Prl,TTGAAACAGAGGGTCACTCG,TTGAAACA,target
ENSMUSG00000021342,Prl,CAGTCACCAGCGGAACAGAT,CAGTCACC,target
ENSMUSG00000032487,Ptgs2,GTTCCAGACTCCCTTGAAGT,GTTCCAGA,target
ENSMUSG00000032487,Ptgs2,TACATCCTGACCCACTTCAA,TACATCCT,target
ENSMUSG00000032487,Ptgs2,CTCTCTGCTCTGGTCAATGG,CTCTCTGC,target
ENSMUSG00000032487,Ptgs2,AGTTAAGCCCACTTACTCCA,AGTTAAGC,target
ENSMUSG00000027540,Ptpn1,GGTGCAATTTAATCCGACTG,GGTGCAAT,target
ENSMUSG00000027540,Ptpn1,ATATTACACAGTACGACAGT,ATATTACA,target
ENSMUSG00000027540,Ptpn1,ACTGCAGCGCCGGCATCGGG,ACTGCAGC,target
ENSMUSG00000027540,Ptpn1,GGTCATGCTCAACCGCATCA,GGTCATGC,target
ENSMUSG00000027843,Ptpn22,GAGTTGTAGATAAAGGACCC,GAGTTGTA,target
ENSMUSG00000027843,Ptpn22,ATTATGCACTCACCAAGATG,ATTATGCA,target
ENSMUSG00000027843,Ptpn22,GTCTCTGTTAACTTCCGATG,GTCTCTGT,target
ENSMUSG00000027843,Ptpn22,TTCAGGAGATGCGAACACAG,TTCAGGAG,target
ENSMUSG00000026204,Ptprn,TACCCAGCATGTGATCTCCC,TACCCAGC,target
ENSMUSG00000026204,Ptprn,GACACCGTCCTCCACCAACG,GACACCGT,target
ENSMUSG00000026204,Ptprn,CATGAGGAGGAAGTACTAGG,CATGAGGA,target
ENSMUSG00000026204,Ptprn,TTGTAGGCGCTGGAGAACTG,TTGTAGGC,target
ENSMUSG00000022105,Rb1,GAGAAAGTTTCATCCGTGGA,GAGAAAGT,target
ENSMUSG00000022105,Rb1,GAGAAGTTTGCTAACGCTGT,GAGAAGTT,target
ENSMUSG00000022105,Rb1,AGAAATCGATACCAGTACCA,AGAAATCG,target
ENSMUSG00000022105,Rb1,CATGCTACTTACGCACTGCT,CATGCTAC,target
ENSMUSG00000012705,Retn,GCTGGACAGTCTCCTCCAGA,GCTGGACA,target
ENSMUSG00000012705,Retn,GCAGGAGGCCAACTTCCCTC,GCAGGAGG,target
ENSMUSG00000012705,Retn,CTTCCTTGTCCCTGAACTGC,CTTCCTTG,target
ENSMUSG00000012705,Retn,TTGTCGATGGCTTCATCGAT,TTGTCGAT,target
ENSMUSG00000021408,Ripk1,AGACAGCGGAGGCTTCGGGA,AGACAGCG,target
ENSMUSG00000021408,Ripk1,AGAAGAAGGGAACTATTCGC,AGAAGAAG,target
ENSMUSG00000021408,Ripk1,TACACGTCCGACTTCTCCGT,TACACGTC,target
ENSMUSG00000021408,Ripk1,AGGGAACTATTCGCTGGTGA,AGGGAACT,target
ENSMUSG00000031880,Rrad,TGAAGGTCTCGCTCGTCCAC,TGAAGGTC,target
ENSMUSG00000031880,Rrad,GCACCGCAGGAGCATGCCGG,GCACCGCA,target
ENSMUSG00000031880,Rrad,GCAAGCGGGAGCCGTGGTGC,GCAAGCGG,target
ENSMUSG00000031880,Rrad,CTTCAGGCGGCGCTAGCCCC,CTTCAGGC,target
ENSMUSG00000001025,S100a6,GGGGCTACTCACGGAGCCAA,GGGGCTAC,target
ENSMUSG00000001025,S100a6,GATGGCCACGAGAAGGCCAA,GATGGCCA,target
ENSMUSG00000001025,S100a6,TGTGGAAGATGGCCACGAGA,TGTGGAAG,target
ENSMUSG00000001025,S100a6,TGCCCTCTGGATCAGGCCAT,TGCCCTCT,target
ENSMUSG00000040808,S100g,GGTGTGCACTCACCTTCAGG,GGTGTGCA,target
ENSMUSG00000040808,S100g,TCCGGACCAGCTCTCCAAGG,TCCGGACC,target
ENSMUSG00000040808,S100g,CTGGTCCGGATCGCCTTCCT,CTGGTCCG,target
ENSMUSG00000040808,S100g,GAGCTGGATAAGAATGGCGA,GAGCTGGA,target
ENSMUSG00000050711,Scg2,GTGGATGCGGATAATACTCG,GTGGATGC,target
ENSMUSG00000050711,Scg2,TAGTCATCAGGCGTGTCCAC,TAGTCATC,target
ENSMUSG00000050711,Scg2,ATGCACTGAGTGAAGACGAG,ATGCACTG,target
ENSMUSG00000050711,Scg2,GCCTATGAAGATGTCGTGGG,GCCTATGA,target
ENSMUSG00000019970,Sgk1,GGGTTAGCGTTCATAAGCTC,GGGTTAGC,target
ENSMUSG00000019970,Sgk1,AGATATACTTACCGGAGGAG,AGATATAC,target
ENSMUSG00000019970,Sgk1,ATATACTTACCGGAGGAGAG,ATATACTT,target
ENSMUSG00000019970,Sgk1,GTGTTCCGGCTATAAAACGG,GTGTTCCG,target
ENSMUSG00000036309,Skp1,ACTATCAAGACCATGCTGGA,ACTATCAA,target
ENSMUSG00000036309,Skp1,TAATGCAGCAATTCTAAAGA,TAATGCAG,target
ENSMUSG00000036309,Skp1,CATAAACTTACCTTCCAGCA,CATAAACT,target
ENSMUSG00000036309,Skp1,AGGAGGGTCATCTTTGTGGT,AGGAGGGT,target
ENSMUSG00000036330,Slc18a1,TATACGGATAACTACGAGAG,TATACGGA,target
ENSMUSG00000036330,Slc18a1,CCTCAGCGACTGCTGAAGGA,CCTCAGCG,target
ENSMUSG00000036330,Slc18a1,GAGGAGCACCCAGAACAACC,GAGGAGCA,target
ENSMUSG00000036330,Slc18a1,CTTACCTAGCTGCCACTCCG,CTTACCTA,target
ENSMUSG00000027690,Slc2a2,GATGTCATAGCCGAACTGGA,GATGTCAT,target
ENSMUSG00000027690,Slc2a2,CTCACATAGTCACTATGCTC,CTCACATA,target
ENSMUSG00000027690,Slc2a2,GAAGAGACTAAGAGGAACTG,GAAGAGAC,target
ENSMUSG00000027690,Slc2a2,AGAGGGCTCCAGTCAATGAG,AGAGGGCT,target
ENSMUSG00000018566,Slc2a4,TACCTGAGTAGGCGCCAATG,TACCTGAG,target
ENSMUSG00000018566,Slc2a4,CATGGGCCTAGCCAATGCCG,CATGGGCC,target
ENSMUSG00000018566,Slc2a4,TAGGTCACTCACCTTCTGTG,TAGGTCAC,target
ENSMUSG00000018566,Slc2a4,CATGAGCTATGTCTCCATCG,CATGAGCT,target
ENSMUSG00000006818,Sod2,TCCAGCGCGCCATAGTCGTA,TCCAGCGC,target
ENSMUSG00000006818,Sod2,GAACAATCTCAACGCCACCG,GAACAATC,target
ENSMUSG00000006818,Sod2,GGCGTTGAGATTGTTCACGT,GGCGTTGA,target
ENSMUSG00000006818,Sod2,GATTGTTCACGTAGGCCGCG,GATTGTTC,target
ENSMUSG00000015605,Srf,CCGGTTCAGGTTGCCCCCCA,CCGGTTCA,target
ENSMUSG00000015605,Srf,GGGCGACTCCGAGTCCGGCG,GGGCGACT,target
ENSMUSG00000015605,Srf,GGGTGCTGTCTGGATTGTGG,GGGTGCTG,target
ENSMUSG00000015605,Srf,GTCGTCTGTACCCACAACTG,GTCGTCTG,target
ENSMUSG00000004366,Sst,AGTCCTTACCTGTTTCCCGG,AGTCCTTA,target
ENSMUSG00000004366,Sst,AGAGCGCAGCCAGGGCGCAC,AGAGCGCA,target
ENSMUSG00000004366,Sst,GGCTGCGCTCTGCATCGTCC,GGCTGCGC,target
ENSMUSG00000004366,Sst,CTGGCTTTGGGCGGTGTCAC,CTGGCTTT,target
ENSMUSG00000047904,Sstr2,CCACGAAGTAGATGAACGTG,CCACGAAG,target
ENSMUSG00000047904,Sstr2,CGGGCTGTGCGGCAACACGC,CGGGCTGT,target
ENSMUSG00000047904,Sstr2,TCCGAGTGGGATCATCCAAG,TCCGAGTG,target
ENSMUSG00000047904,Sstr2,TGATCCCACTCGGATTCCAG,TGATCCCA,target
ENSMUSG00000004040,Stat3,CTGCTTCTCTGTCACTACGG,CTGCTTCT,target
ENSMUSG00000004040,Stat3,GAGATTATGAAACACCAACG,GAGATTAT,target
ENSMUSG00000004040,Stat3,GTACAGCGACAGCTTCCCCA,GTACAGCG,target
ENSMUSG00000004040,Stat3,TGGGTGGAAAAGGACATCAG,TGGGTGGA,target
ENSMUSG00000022414,Tab1,TTGTGCTGCAGGTACGAACA,TTGTGCTG,target
ENSMUSG00000022414,Tab1,GGACCACACCACCGAGAACG,GGACCACA,target
ENSMUSG00000022414,Tab1,CACTGAGAGCCACCCTCCGG,CACTGAGA,target
ENSMUSG00000022414,Tab1,CTACGTGGCATACATACCTG,CTACGTGG,target
ENSMUSG00000015755,Tab2,GCAAAGATGTAGGAGTACTA,GCAAAGAT,target
ENSMUSG00000015755,Tab2,GGACTGTTCAGTACAGGCGG,GGACTGTT,target
ENSMUSG00000015755,Tab2,ACCCAGCAGCCGAATCAGCA,ACCCAGCA,target
ENSMUSG00000015755,Tab2,TCACAGAATGTTTACCACCA,TCACAGAA,target
ENSMUSG00000030043,Tacr1,GGCCGTAGTACCACACGTTG,GGCCGTAG,target
ENSMUSG00000030043,Tacr1,CCTACGCAGTCCACAACGTG,CCTACGCA,target
ENSMUSG00000030043,Tacr1,AGCCGCCTATACGGTCATCG,AGCCGCCT,target
ENSMUSG00000030043,Tacr1,ATCGTGGTGACTTCCGTGGT,ATCGTGGT,target
ENSMUSG00000021253,Tgfb3,GGGACGTGGGTCATCACCGA,GGGACGTG,target
ENSMUSG00000021253,Tgfb3,GGTTGGGCACCCGCAAGACC,GGTTGGGC,target
ENSMUSG00000021253,Tgfb3,AAAGTGCCAGGACCTGATAG,AAAGTGCC,target
ENSMUSG00000021253,Tgfb3,GATGTGGCCGAAGTCCAACG,GATGTGGC,target
ENSMUSG00000040152,Thbs1,ACTTGTCATCCGGCACAGCG,ACTTGTCA,target
ENSMUSG00000040152,Thbs1,AGCAGACACAGACAAAAACG,AGCAGACA,target
ENSMUSG00000040152,Thbs1,GTGGAACGGAAAGACAACAC,GTGGAACG,target
ENSMUSG00000040152,Thbs1,GTCACAGAACAGGACGACCA,GTCACAGA,target
ENSMUSG00000024401,Tnf,TGAGATCCATGCCGTTGGCC,TGAGATCC,target
ENSMUSG00000024401,Tnf,GCTGAGACATAGGCACCGCC,GCTGAGAC,target
ENSMUSG00000024401,Tnf,CATGATCCGCGACGTGGAAC,CATGATCC,target
ENSMUSG00000024401,Tnf,GTTCAGTAGACAGAAGAGCG,GTTCAGTA,target
ENSMUSG00000030341,Tnfrsf1a,TGCTGCACCAAGTGCCACAA,TGCTGCAC,target
ENSMUSG00000030341,Tnfrsf1a,TGTCACGGTGCCGTTGAAGC,TGTCACGG,target
ENSMUSG00000030341,Tnfrsf1a,CACTCAGGTAGCGTTGGAAC,CACTCAGG,target
ENSMUSG00000030341,Tnfrsf1a,GTCACGGTGCCGTTGAAGCA,GTCACGGT,target
ENSMUSG00000031887,Tradd,CGTGCAGCCCGACCGGCTCA,CGTGCAGC,target
ENSMUSG00000031887,Tradd,ATCGTCCAGTTGCGGTTCTG,ATCGTCCA,target
ENSMUSG00000031887,Tradd,CTTCCTCCAAGCCTACCGCG,CTTCCTCC,target
ENSMUSG00000031887,Tradd,TCAGAATGGCCACGAGGAGT,TCAGAATG,target
ENSMUSG00000026942,Traf2,GGGCCTGGAAAGGCCTCCGC,GGGCCTGG,target
ENSMUSG00000026942,Traf2,CCTGCAAAAACATCCTGCGG,CCTGCAAA,target
ENSMUSG00000026942,Traf2,TGTTGCCAGAGCTGCCACGA,TGTTGCCA,target
ENSMUSG00000026942,Traf2,AGATAACGCTGCCCGCAGAG,AGATAACG,target
ENSMUSG00000026637,Traf5,CATAGTGGTGACCAACCTGC,CATAGTGG,target
ENSMUSG00000026637,Traf5,CGGTTGACAGCGTGAAACAG,CGGTTGAC,target
ENSMUSG00000026637,Traf5,GTCCCCGTTCAGGTACGCCC,GTCCCCGT,target
ENSMUSG00000026637,Traf5,TGTGACTGGTGAGAGCCTTG,TGTGACTG,target
ENSMUSG00000027164,Traf6,TATTTGGGCACTTTACCGTC,TATTTGGG,target
ENSMUSG00000027164,Traf6,CAAACTCCACATCGTAGCCC,CAAACTCC,target
ENSMUSG00000027164,Traf6,ATCTTTCACTGCAGCGCTGC,ATCTTTCA,target
ENSMUSG00000027164,Traf6,GCAGTCACTGGACGACTGGC,GCAGTCAC,target
ENSMUSG00000031710,Ucp1,CCGAAGTGCAACCCACCATG,CCGAAGTG,target
ENSMUSG00000031710,Ucp1,AGATATCATCACCTTCCCGC,AGATATCA,target
ENSMUSG00000031710,Ucp1,ACTCTTGGACTGAGTCGTAG,ACTCTTGG,target
ENSMUSG00000031710,Ucp1,AAGATCTTGACCCCCATGGT,AAGATCTT,target
ENSMUSG00000021823,Vcl,CGAGAGCATCCTGGAGCCGG,CGAGAGCA,target
ENSMUSG00000021823,Vcl,TCTGCTGCGCCACCGGCTCC,TCTGCTGC,target
ENSMUSG00000021823,Vcl,GGCGCAGCAGATCTCGCACC,GGCGCAGC,target
ENSMUSG00000021823,Vcl,GCACCTGGTGATTATGCACG,GCACCTGG,target
ENSMUSG00000019772,Vip,AGGATGCCGTTTGAAGGAGC,AGGATGCC,target
ENSMUSG00000019772,Vip,AGGTGGTCCAAAGAGAGGCC,AGGTGGTC,target
ENSMUSG00000019772,Vip,CACCCTATTATGATGTGTCA,CACCCTAT,target
ENSMUSG00000019772,Vip,GAAACTTACCTCACTACAGA,GAAACTTA,target
ENSMUSG00000039474,Wfs1,CTCACCAAGAAGTACGCCAA,CTCACCAA,target
ENSMUSG00000039474,Wfs1,GCTCACCAAGAAGTACGCCA,GCTCACCA,target
ENSMUSG00000039474,Wfs1,GGGTACGCCGCAGATCACCG,GGGTACGC,target
ENSMUSG00000039474,Wfs1,AGACTGGAGCAGGATGACCA,AGACTGGA,target